,FermID,Product,Substrate,Phase,Yield (g/g),Yield (mol/mol),RÂ²,Std Error,biomass growth rate,ri,,,,,,,,
0,27-PSI_F503_C1_R1,4-hydroxytryptamine (pseudo),Biomass (pseudo),3,8.803377175154472e-08,1.229005609833721e-08,0.6527870164644259,6.420391833338975e-08,0.04922648,4.333592728267177e-09,,,,,,,,
1,27-PSI_F503_C1_R1,Acetate (pseudo),Biomass (pseudo),3,3.43163774252171e-05,1.429849059384046e-05,0.9330172891681712,6.501640499468518e-06,0.04922648,1.6892744762782844e-06,,,,,,,,
2,27-PSI_F503_C1_R1,Baeocystine (pseudo),Biomass (pseudo),3,6.596463342167426e-05,6.005106789428021e-06,0.9000369297389016,7.772411547888863e-06,0.04922648,3.247206725684357e-06,,,,,,,,4.33359E-09
3,27-PSI_F503_C1_R1,Ethanol (pseudo),Biomass (pseudo),3,0.000122612,6.547102839864566e-05,0.8230941170618772,3.281844726086196e-05,0.04922648,6.035747350282771e-06,,,,,,,,
4,27-PSI_F503_C1_R1,Formate (pseudo),Biomass (pseudo),3,0.000451394,0.000246669,0.9471953327345836,3.768144784866093e-05,0.04922648,2.2220558938164087e-05,,,,,,,,
5,27-PSI_F503_C1_R1,Glucose (pseudo),Biomass (pseudo),3,,,,,0.04922648,,,,,,,,,
6,27-PSI_F503_C1_R1,Lactate (pseudo),Biomass (pseudo),3,,,,,0.04922648,,,,,,,,,
7,27-PSI_F503_C1_R1,Maltose (pseudo),Biomass (pseudo),3,,,,,0.04922648,,,,,,,,,
8,27-PSI_F503_C1_R1,Propionate (pseudo),Biomass (pseudo),3,,,,,0.04922648,,,,,,,,,
9,27-PSI_F503_C1_R1,Succinate (pseudo),Biomass (pseudo),3,,,,,0.04922648,,,,,,,,,
10,27-PSI_F503_C1_R1,norbaeocystin (pseudo),Biomass (pseudo),3,1.1653797742615972e-06,1.119026599275354e-07,0.9692091523924272,2.0771580605757306e-07,0.04922648,5.736754446535554e-08,,,,,,,,
11,27-PSI_F503_C1_R1,psilocin (pseudo),Biomass (pseudo),3,0.000877044,0.00010562,0.9096066662170464,9.77502151722197e-05,0.04922648,4.317378409826976e-05,,,,,,,,
12,27-PSI_F503_C1_R1,psilocybin (pseudo),Biomass (pseudo),3,0.005626298,0.000486916,0.904710941,0.000645571,0.04922648,0.000276963,,,,,,,,
13,27-PSI_F503_C1_R1,serotonin (pseudo),Biomass (pseudo),3,1.1552995617845678e-08,1.612869259400736e-09,0.883916965,4.1867135769337735e-09,0.04922648,5.687133108473238e-10,,,,,,,,
14,27-PSI_F503_C1_R1,tryptamine (pseudo),Biomass (pseudo),3,6.394936268609641e-06,9.81871378153771e-07,0.5951993296914836,1.8645782844680824e-06,0.04922648,3.148002040579671e-07,,,,,,,,
15,27-PSI_F503_C1_R1,tryptophan (pseudo),Biomass (pseudo),3,9.200300917303088e-08,1.1082528771210264e-08,0.999515575,2.025445881186349e-09,0.04922648,4.528984315884989e-09,,,,,,,,
16,27-PSI_F503_C1_R2,4-hydroxytryptamine (pseudo),Biomass (pseudo),3,1.4822143783990917e-07,2.069262454379301e-08,0.9981196340316943,6.433405319130524e-09,0.051629248,7.652561442779237e-09,,,,,,,,
17,27-PSI_F503_C1_R2,Acetate (pseudo),Biomass (pseudo),3,,,,,0.051629248,,,,,,,,,
18,27-PSI_F503_C1_R2,Baeocystine (pseudo),Biomass (pseudo),3,6.542811998000656e-05,5.956265154993658e-06,0.8576335119423031,8.03750235915345e-06,0.051629248,3.378004663355915e-06,,,,,,,,
19,27-PSI_F503_C1_R2,Ethanol (pseudo),Biomass (pseudo),3,3.247029113718652e-07,1.7338162838610558e-07,7.126564362623934e-05,1.5702000103210063e-05,0.051629248,1.6764167290066966e-08,,,,,,,,
20,27-PSI_F503_C1_R2,Formate (pseudo),Biomass (pseudo),3,0.000586505,0.000320502,0.8720960217464282,6.772288808563529e-05,0.051629248,3.028082775681301e-05,,,,,,,,
21,27-PSI_F503_C1_R2,Glucose (pseudo),Biomass (pseudo),3,,,,,0.051629248,,,,,,,,,
22,27-PSI_F503_C1_R2,Lactate (pseudo),Biomass (pseudo),3,,,,,0.051629248,,,,,,,,,
23,27-PSI_F503_C1_R2,Maltose (pseudo),Biomass (pseudo),3,,,,,0.051629248,,,,,,,,,
24,27-PSI_F503_C1_R2,Propionate (pseudo),Biomass (pseudo),3,,,,,0.051629248,,,,,,,,,
25,27-PSI_F503_C1_R2,Succinate (pseudo),Biomass (pseudo),3,,,,,0.051629248,,,,,,,,,
26,27-PSI_F503_C1_R2,norbaeocystin (pseudo),Biomass (pseudo),3,1.2020001777517868e-06,1.1541904201059355e-07,0.8429649010588475,5.187978314678757e-07,0.051629248,6.205836583782227e-08,,,,,,,,
27,27-PSI_F503_C1_R2,psilocin (pseudo),Biomass (pseudo),3,0.00087787,0.000105719,0.7661055575605786,0.000146251,0.051629248,4.532376081489285e-05,,,,,,,,
28,27-PSI_F503_C1_R2,psilocybin (pseudo),Biomass (pseudo),3,0.004759046,0.000411862,0.7944650449329035,0.000729842,0.051629248,0.000245706,,,,,,,,
29,27-PSI_F503_C1_R2,serotonin (pseudo),Biomass (pseudo),3,1.5537424734993354e-09,2.1691200753693687e-10,0.002188844,3.3173848179024484e-08,0.051629248,8.021855622229025e-11,,,,,,,,
30,27-PSI_F503_C1_R2,tryptamine (pseudo),Biomass (pseudo),3,3.7847935975787384e-06,5.811129852729808e-07,0.035804855,5.921849541071727e-06,0.051629248,1.954060490560852e-07,,,,,,,,
31,27-PSI_F503_C1_R2,tryptophan (pseudo),Biomass (pseudo),3,5.271921033509695e-08,6.350467996490965e-09,0.973847357,8.639353462946081e-09,0.051629248,2.721853209519363e-09,,,,,,,,
32,27-PSI_F503_C1_R3,4-hydroxytryptamine (pseudo),Biomass (pseudo),3,7.917113439944476e-08,1.105277740324806e-08,0.5425857265027442,7.269215460583657e-08,0.0491588,3.8919579949133745e-09,,,,,,,,
33,27-PSI_F503_C1_R3,Acetate (pseudo),Biomass (pseudo),3,,,,,0.0491588,,,,,,,,,
34,27-PSI_F503_C1_R3,Baeocystine (pseudo),Biomass (pseudo),3,7.288438306195949e-05,6.635047916825621e-06,0.9678727592737608,4.003738642636446e-06,0.0491588,3.582908840628051e-06,,,,,,,,
35,27-PSI_F503_C1_R3,Ethanol (pseudo),Biomass (pseudo),3,1.587749774409873e-05,8.478108194157342e-06,0.011869587,5.121844599754081e-05,0.0491588,7.80518742760335e-07,,,,,,,,
36,27-PSI_F503_C1_R3,Formate (pseudo),Biomass (pseudo),3,0.000452187,0.000247102,0.9652660564807656,2.7125128757287288e-05,0.0491588,2.222898103782585e-05,,,,,,,,
37,27-PSI_F503_C1_R3,Glucose (pseudo),Biomass (pseudo),3,,,,,0.0491588,,,,,,,,,
38,27-PSI_F503_C1_R3,Lactate (pseudo),Biomass (pseudo),3,,,,,0.0491588,,,,,,,,,
39,27-PSI_F503_C1_R3,Maltose (pseudo),Biomass (pseudo),3,,,,,0.0491588,,,,,,,,,
40,27-PSI_F503_C1_R3,Propionate (pseudo),Biomass (pseudo),3,,,,,0.0491588,,,,,,,,,
41,27-PSI_F503_C1_R3,Succinate (pseudo),Biomass (pseudo),3,,,,,0.0491588,,,,,,,,,
42,27-PSI_F503_C1_R3,norbaeocystin (pseudo),Biomass (pseudo),3,1.279226396872221e-06,1.2283449534742432e-07,0.8918662813250873,4.45428610854958e-07,0.0491588,6.28852351349659e-08,,,,,,,,
43,27-PSI_F503_C1_R3,psilocin (pseudo),Biomass (pseudo),3,0.000868246,0.00010456,0.8928231823359525,9.070145730601528e-05,0.0491588,4.268194329291237e-05,,,,,,,,
44,27-PSI_F503_C1_R3,psilocybin (pseudo),Biomass (pseudo),3,0.005313199,0.00045982,0.9579104347575826,0.000335803,0.0491588,0.00026119,,,,,,,,
45,27-PSI_F503_C1_R3,serotonin (pseudo),Biomass (pseudo),3,3.4185440791958796e-09,4.772497834868545e-10,0.021212564,2.3221421313300492e-08,0.0491588,1.6805152611383444e-10,,,,,,,,
46,27-PSI_F503_C1_R3,tryptamine (pseudo),Biomass (pseudo),3,1.1484696875583308e-06,1.7633475417510265e-07,0.003274487,6.0414243588168175e-06,0.0491588,5.6457392158317485e-08,,,,,,,,
47,27-PSI_F503_C1_R3,tryptophan (pseudo),Biomass (pseudo),3,2.0195626038444868e-08,2.432731370804739e-09,0.009761591,2.034074666039116e-07,0.0491588,9.927927497671103e-10,,,,,,,,
48,27-PSI_F503_C1_R4,4-hydroxytryptamine (pseudo),Biomass (pseudo),3,1.5547216429040113e-07,2.1704870560943582e-08,0.9353345833304568,4.087946357178981e-08,0.050174965,7.800810364876463e-09,,,,,,,,
49,27-PSI_F503_C1_R4,Acetate (pseudo),Biomass (pseudo),3,8.87441965131779e-06,3.697674854715746e-06,1,0,0.050174965,4.452736932957027e-07,,,,,,,,
50,27-PSI_F503_C1_R4,Baeocystine (pseudo),Biomass (pseudo),3,8.580973311505463e-05,7.811710369619184e-06,0.8979095411639496,7.733014385056106e-06,0.050174965,4.30550033535829e-06,,,,,,,,
51,27-PSI_F503_C1_R4,Ethanol (pseudo),Biomass (pseudo),3,0.000145651,7.77732923892739e-05,0.2045381608526006,0.000128455,0.050174965,7.308035792277898e-06,,,,,,,,
52,27-PSI_F503_C1_R4,Formate (pseudo),Biomass (pseudo),3,0.000663293,0.000362463,0.7369334621911644,0.000105916,0.050174965,3.328068381693599e-05,,,,,,,,
53,27-PSI_F503_C1_R4,Glucose (pseudo),Biomass (pseudo),3,,,,,0.050174965,,,,,,,,,
54,27-PSI_F503_C1_R4,Lactate (pseudo),Biomass (pseudo),3,,,,,0.050174965,,,,,,,,,
55,27-PSI_F503_C1_R4,Maltose (pseudo),Biomass (pseudo),3,,,,,0.050174965,,,,,,,,,
56,27-PSI_F503_C1_R4,Propionate (pseudo),Biomass (pseudo),3,,,,,0.050174965,,,,,,,,,
57,27-PSI_F503_C1_R4,Succinate (pseudo),Biomass (pseudo),3,,,,,0.050174965,,,,,,,,,
58,27-PSI_F503_C1_R4,norbaeocystin (pseudo),Biomass (pseudo),3,1.4945049980340172e-06,1.4350608123516466e-07,0.9950243648633176,1.0568291340245981e-07,0.050174965,7.4986735614275e-08,,,,,,,,
59,27-PSI_F503_C1_R4,psilocin (pseudo),Biomass (pseudo),3,0.000922373,0.000111079,0.6639877929928177,0.000175364,0.050174965,4.628001418837478e-05,,,,,,,,
60,27-PSI_F503_C1_R4,psilocybin (pseudo),Biomass (pseudo),3,0.006334886,0.00054824,0.869340817,0.000656371,0.050174965,0.000317853,,,,,,,,
61,27-PSI_F503_C1_R4,serotonin (pseudo),Biomass (pseudo),3,9.449970589995847e-10,1.3192740282271029e-10,0.004572952,1.3942377610760412e-08,0.050174965,4.741519413631052e-11,,,,,,,,
62,27-PSI_F503_C1_R4,tryptamine (pseudo),Biomass (pseudo),3,8.82333703204414e-06,1.3547253213599168e-06,0.4326532064860682,2.7003694732094303e-06,0.050174965,4.427106246736527e-07,,,,,,,,
63,27-PSI_F503_C1_R4,tryptophan (pseudo),Biomass (pseudo),3,4.296211019657196e-09,5.175144015452306e-10,0.000110661,4.083797339457538e-07,0.050174965,2.1556223652511075e-10,,,,,,,,
64,27-PSI_F503_C2_R1,4-hydroxytryptamine (pseudo),Biomass (pseudo),3,2.4855939091893546e-07,3.470042004770338e-08,0.9935439890050748,2.0036356789245818e-08,0.052249537,1.2987113207702622e-08,,,,,,,,
65,27-PSI_F503_C2_R1,Acetate (pseudo),Biomass (pseudo),3,7.935117239573033e-06,3.306298849822097e-06,0.5253930182019252,3.372820728652769e-06,0.052249537,4.1460620548566426e-07,,,,,,,,
66,27-PSI_F503_C2_R1,Baeocystine (pseudo),Biomass (pseudo),3,4.684813454127982e-05,4.264831565234466e-06,0.9012753383394706,5.481903572948183e-06,0.052249537,2.4477933608057237e-06,,,,,,,,
67,27-PSI_F503_C2_R1,Ethanol (pseudo),Biomass (pseudo),3,0.000228644,0.000122089,0.597957323,6.628520213731313e-05,0.052249537,1.194656486668208e-05,,,,,,,,
68,27-PSI_F503_C2_R1,Formate (pseudo),Biomass (pseudo),3,0.000393235,0.000214887,0.9889438701769628,1.470019998849184e-05,0.052249537,2.0546362376226973e-05,,,,,,,,
69,27-PSI_F503_C2_R1,Glucose (pseudo),Biomass (pseudo),3,1.9805749228615992,0.2704381832948232,0.998798629,0.030718911,0.052249537,0.1034841236311581,,,,,,,,
70,27-PSI_F503_C2_R1,Lactate (pseudo),Biomass (pseudo),3,,,,,0.052249537,,,,,,,,,
71,27-PSI_F503_C2_R1,Maltose (pseudo),Biomass (pseudo),3,,,,,0.052249537,,,,,,,,,
72,27-PSI_F503_C2_R1,Propionate (pseudo),Biomass (pseudo),3,7.937844199137966e-05,2.6723821992444774e-05,0.3280083158016368,8.033912454341423e-05,0.052249537,4.147486878616135e-06,,,,,,,,
73,27-PSI_F503_C2_R1,Succinate (pseudo),Biomass (pseudo),3,,,,,0.052249537,,,,,,,,,
74,27-PSI_F503_C2_R1,norbaeocystin (pseudo),Biomass (pseudo),3,2.02240200161833e-06,1.9419606245290967e-07,0.9996125012601011,3.981867407315899e-08,0.052249537,1.0566956914964314e-07,,,,,,,,
75,27-PSI_F503_C2_R1,psilocin (pseudo),Biomass (pseudo),3,0.000784647,9.449273899518232e-05,0.9296463809414348,7.631565468276242e-05,0.052249537,4.0997440852637335e-05,,,,,,,,
76,27-PSI_F503_C2_R1,psilocybin (pseudo),Biomass (pseudo),3,0.002282636,0.000197546,0.9437953676246676,0.000196942,0.052249537,0.000119267,,,,,,,,
77,27-PSI_F503_C2_R1,serotonin (pseudo),Biomass (pseudo),3,1.9944306196505332e-08,2.784347837432785e-09,0.9850444736980448,2.4574905932931792e-09,0.052249537,1.0420807737961323e-09,,,,,,,,
78,27-PSI_F503_C2_R1,tryptamine (pseudo),Biomass (pseudo),3,1.488830704417232e-05,2.2859340487244985e-06,0.6354496418150958,3.986929151865827e-06,0.052249537,7.779071566713124e-07,,,,,,,,
79,27-PSI_F503_C2_R1,tryptophan (pseudo),Biomass (pseudo),3,1.1048211159168221e-08,1.3308490574651761e-09,0.025863807,6.780404092060598e-08,0.052249537,5.772639228646834e-10,,,,,,,,
80,27-PSI_F503_C2_R3,4-hydroxytryptamine (pseudo),Biomass (pseudo),3,1.306974146089408e-07,1.824616309732673e-08,0.3390924122311678,1.824644783081093e-07,0.050829729,6.643314148296158e-09,,,,,,,,
81,27-PSI_F503_C2_R3,Acetate (pseudo),Biomass (pseudo),3,1.1018151595584623e-05,4.5908964981602605e-06,0.8202351197287012,2.5790632463507177e-06,0.050829729,5.600496582279902e-07,,,,,,,,
82,27-PSI_F503_C2_R3,Baeocystine (pseudo),Biomass (pseudo),3,4.479757118961026e-05,4.078158021146868e-06,0.8908145252262721,5.5449580302796e-06,0.050829729,2.277048397504288e-06,,,,,,,,
83,27-PSI_F503_C2_R3,Ethanol (pseudo),Biomass (pseudo),3,0.000181316,9.681711341258236e-05,0.5539986378678735,5.75180277257315e-05,0.050829729,9.21622414072729e-06,,,,,,,,
84,27-PSI_F503_C2_R3,Formate (pseudo),Biomass (pseudo),3,0.000550153,0.000300636,0.9597971846073144,3.980857451069139e-05,0.050829729,2.796410441089784e-05,,,,,,,,
85,27-PSI_F503_C2_R3,Glucose (pseudo),Biomass (pseudo),3,1.918896727990036,0.2620163160998828,0.990332386,0.1094611823346656,0.050829729,0.097537,,,,,,,,
86,27-PSI_F503_C2_R3,Lactate (pseudo),Biomass (pseudo),3,8.737535144520912e-06,2.413195964468558e-06,0.9999999999999998,0,0.050829729,4.4412654236895553e-07,,,,,,,,
87,27-PSI_F503_C2_R3,Maltose (pseudo),Biomass (pseudo),3,,,,,0.050829729,,,,,,,,,
88,27-PSI_F503_C2_R3,Propionate (pseudo),Biomass (pseudo),3,0.000298966,0.000100651,0.6140954498620118,0.000167582,0.050829729,1.5196341092331276e-05,,,,,,,,
89,27-PSI_F503_C2_R3,Succinate (pseudo),Biomass (pseudo),3,,,,,0.050829729,,,,,,,,,
90,27-PSI_F503_C2_R3,norbaeocystin (pseudo),Biomass (pseudo),3,1.5727462315338276e-06,1.510189987733017e-07,0.9953745735510314,1.0721147515046189e-07,0.050829729,7.994226452673377e-08,,,,,,,,
91,27-PSI_F503_C2_R3,psilocin (pseudo),Biomass (pseudo),3,0.000759513,9.146595634445032e-05,0.9568710745827116,5.700959446481307e-05,0.050829729,3.860585122666992e-05,,,,,,,,
92,27-PSI_F503_C2_R3,psilocybin (pseudo),Biomass (pseudo),3,0.002020612,0.00017487,0.947480172,0.000168196,0.050829729,0.000102707,,,,,,,,
93,27-PSI_F503_C2_R3,serotonin (pseudo),Biomass (pseudo),3,6.20850064339045e-09,8.667448829658082e-10,0.3163399076849788,9.127037887508562e-09,0.050829729,3.1557640437915806e-10,,,,,,,,
94,27-PSI_F503_C2_R3,tryptamine (pseudo),Biomass (pseudo),3,2.1896255492271767e-05,3.3619266328166617e-06,0.928293801,2.1515947970163142e-06,0.050829729,1.1129807298924606e-06,,,,,,,,
95,27-PSI_F503_C2_R3,tryptophan (pseudo),Biomass (pseudo),3,1.12962874009556e-07,1.3607319070781893e-08,0.5684542720234953,9.842408289104187e-08,0.050829729,5.741872258034267e-09,,,,,,,,
96,27-PSI_F503_C2_R4,4-hydroxytryptamine (pseudo),Biomass (pseudo),3,1.1789584403845206e-07,1.645898509361512e-08,0.5166428211399751,1.1403479416645429e-07,0.051873593,6.11568104430829e-09,,,,,,,,
97,27-PSI_F503_C2_R4,Acetate (pseudo),Biomass (pseudo),3,1.4345508038846053e-05,5.977295016185855e-06,0.9996915557131882,1.7817890625025101e-07,0.051873593,7.441530471212267e-07,,,,,,,,
98,27-PSI_F503_C2_R4,Baeocystine (pseudo),Biomass (pseudo),3,4.972037805449458e-05,4.526306966937059e-06,0.897774897,5.931772405666944e-06,0.051873593,2.579174661021468e-06,,,,,,,,
99,27-PSI_F503_C2_R4,Ethanol (pseudo),Biomass (pseudo),3,0.000243279,0.000129904,0.80678479,4.499849075315699e-05,0.051873593,1.261977160247004e-05,,,,,,,,
100,27-PSI_F503_C2_R4,Formate (pseudo),Biomass (pseudo),3,0.000429105,0.000234489,0.9413478088667296,4.048383351843721e-05,0.051873593,2.2259218825278903e-05,,,,,,,,
101,27-PSI_F503_C2_R4,Glucose (pseudo),Biomass (pseudo),3,,,,,0.051873593,,,,,,,,,
102,27-PSI_F503_C2_R4,Lactate (pseudo),Biomass (pseudo),3,6.46301589896085e-06,1.7850027070218586e-06,1,0,0.051873593,3.352598570772906e-07,,,,,,,,
103,27-PSI_F503_C2_R4,Maltose (pseudo),Biomass (pseudo),3,,,,,0.051873593,,,,,,,,,
104,27-PSI_F503_C2_R4,Propionate (pseudo),Biomass (pseudo),3,0.000141244,4.755159845308989e-05,0.6143112018017187,7.913678783442625e-05,0.051873593,7.3268188129589505e-06,,,,,,,,
105,27-PSI_F503_C2_R4,Succinate (pseudo),Biomass (pseudo),3,7.439063118121364e-05,1.5766429973790436e-05,0.9656190306637876,9.925660035654311e-06,0.051873593,3.858909333909129e-06,,,,,,,,
106,27-PSI_F503_C2_R4,norbaeocystin (pseudo),Biomass (pseudo),3,1.699916639679377e-06,1.6323021716738626e-07,0.993602934,1.363991281797678e-07,0.051873593,8.818078410635647e-08,,,,,,,,
107,27-PSI_F503_C2_R4,psilocin (pseudo),Biomass (pseudo),3,0.000675735,8.137683075342177e-05,0.9672008757069528,4.399511146634199e-05,0.051873593,3.505282005194711e-05,,,,,,,,
108,27-PSI_F503_C2_R4,psilocybin (pseudo),Biomass (pseudo),3,0.001994229,0.000172586,0.9535511733062176,0.000155613,0.051873593,0.000103448,,,,,,,,
109,27-PSI_F503_C2_R4,serotonin (pseudo),Biomass (pseudo),3,1.4651223780357306e-08,2.0454009704147876e-09,0.7996508719967259,7.333603446443915e-09,0.051873593,7.600116211070683e-10,,,,,,,,
110,27-PSI_F503_C2_R4,tryptamine (pseudo),Biomass (pseudo),3,2.0639744530035165e-05,3.169003341897797e-06,0.84176869,3.1638009502022502e-06,0.051873593,1.070657709872562e-06,,,,,,,,
111,27-PSI_F503_C2_R4,tryptophan (pseudo),Biomass (pseudo),3,1.6833589778082917e-07,2.0277460999943184e-08,0.8449966309891654,7.209743591603215e-08,0.051873593,8.732187869142057e-09,,,,,,,,
112,27-PSI_F504_C1_R1,4-hydroxytryptamine (pseudo),Biomass (pseudo),3,1.558873064471201e-07,2.1762826959872617e-08,0.8588375745744202,6.319966707109733e-08,0.049444516,7.707772391941246e-09,,,,,,,,
113,27-PSI_F504_C1_R1,Acetate (pseudo),Biomass (pseudo),3,0.001440402,0.000600168,0.8770299213193399,0.000203858,0.049444516,7.121999380222462e-05,,,,,,,,
114,27-PSI_F504_C1_R1,Baeocystine (pseudo),Biomass (pseudo),3,0.000152465,1.3879655097318494e-05,0.9936503785412508,4.606564845428379e-06,0.049444516,7.538539612515526e-06,,,,,,,,
115,27-PSI_F504_C1_R1,Ethanol (pseudo),Biomass (pseudo),3,0.00069575,0.000371509,0.9999999999999998,0,0.049444516,3.440100190266777e-05,,,,,,,,
116,27-PSI_F504_C1_R1,Formate (pseudo),Biomass (pseudo),3,0.000854239,0.000466808,0.9917534468098824,2.9441822215434685e-05,0.049444516,4.223742771051836e-05,,,,,,,,
117,27-PSI_F504_C1_R1,Glucose (pseudo),Biomass (pseudo),3,,,,,0.049444516,,,,,,,,,
118,27-PSI_F504_C1_R1,Lactate (pseudo),Biomass (pseudo),3,,,,,0.049444516,,,,,,,,,
119,27-PSI_F504_C1_R1,Maltose (pseudo),Biomass (pseudo),3,,,,,0.049444516,,,,,,,,,
120,27-PSI_F504_C1_R1,Propionate (pseudo),Biomass (pseudo),3,0.000437777,0.000147383,0.2887821113509791,0.000280474,0.049444516,2.164566247412144e-05,,,,,,,,
121,27-PSI_F504_C1_R1,Succinate (pseudo),Biomass (pseudo),3,0.000410073,8.69112769157439e-05,1,0,0.049444516,2.027585312615949e-05,,,,,,,,
122,27-PSI_F504_C1_R1,norbaeocystin (pseudo),Biomass (pseudo),3,2.5286592472132127e-06,2.428081403702137e-07,0.9263559480738536,7.129682659276055e-07,0.049444516,1.250283321875757e-07,,,,,,,,
123,27-PSI_F504_C1_R1,psilocin (pseudo),Biomass (pseudo),3,0.001069543,0.000128802,0.9260224192005938,0.000114258,0.049444516,5.288301425325864e-05,,,,,,,,
124,27-PSI_F504_C1_R1,psilocybin (pseudo),Biomass (pseudo),3,0.007694442,0.0006659,0.9750563941346746,0.00046515,0.049444516,0.000380448,,,,,,,,
125,27-PSI_F504_C1_R1,serotonin (pseudo),Biomass (pseudo),3,8.268900678820034e-08,1.1543894029792457e-08,0.4178592165754969,9.759932085292035e-08,0.049444516,4.088517905435318e-09,,,,,,,,
126,27-PSI_F504_C1_R1,tryptamine (pseudo),Biomass (pseudo),3,0.000202942,3.115952913044084e-05,0.8005287806286341,3.828909774051339e-05,0.049444516,1.0034382112115374e-05,,,,,,,,
127,27-PSI_F504_C1_R1,tryptophan (pseudo),Biomass (pseudo),3,1.094106115787187e-07,1.3179419473295857e-08,0.4296504451786878,1.2605856704559845e-07,0.049444516,5.409754716609479e-09,,,,,,,,
128,27-PSI_F504_C1_R2,4-hydroxytryptamine (pseudo),Biomass (pseudo),3,1.7079848191344318e-07,2.384451878480621e-08,0.785322657,8.93003268895437e-08,0.047593548,8.128905767064587e-09,,,,,,,,
129,27-PSI_F504_C1_R2,Acetate (pseudo),Biomass (pseudo),3,0.001836477,0.000765199,0.9299333701472792,0.000190531,0.047593548,8.740443614438502e-05,,,,,,,,
130,27-PSI_F504_C1_R2,Baeocystine (pseudo),Biomass (pseudo),3,0.000280174,2.550572325244038e-05,0.9839476294561512,1.3525789918783568e-05,0.047593548,1.33344818422031e-05,,,,,,,,
131,27-PSI_F504_C1_R2,Ethanol (pseudo),Biomass (pseudo),3,,,,,0.047593548,,,,,,,,,
132,27-PSI_F504_C1_R2,Formate (pseudo),Biomass (pseudo),3,0.000707036,0.000386367,0.9957476679464076,1.88627500348904e-05,0.047593548,3.36503651728156e-05,,,,,,,,
133,27-PSI_F504_C1_R2,Glucose (pseudo),Biomass (pseudo),3,,,,,0.047593548,,,,,,,,,
134,27-PSI_F504_C1_R2,Lactate (pseudo),Biomass (pseudo),3,,,,,0.047593548,,,,,,,,,
135,27-PSI_F504_C1_R2,Maltose (pseudo),Biomass (pseudo),3,,,,,0.047593548,,,,,,,,,
136,27-PSI_F504_C1_R2,Propionate (pseudo),Biomass (pseudo),3,0.003340415,0.001124596,0.9999615506485042,2.071349236430064e-05,0.047593548,0.000158982,,,,,,,,
137,27-PSI_F504_C1_R2,Succinate (pseudo),Biomass (pseudo),3,,,,,0.047593548,,,,,,,,,
138,27-PSI_F504_C1_R2,norbaeocystin (pseudo),Biomass (pseudo),3,2.459097224529175e-06,2.3612862220780557e-07,0.9983600530336628,9.966599430687397e-08,0.047593548,1.170371620772256e-07,,,,,,,,
139,27-PSI_F504_C1_R2,psilocin (pseudo),Biomass (pseudo),3,0.001667113,0.000200765,0.9028610054310442,0.000206682,0.047593548,7.934379922572963e-05,,,,,,,,
140,27-PSI_F504_C1_R2,psilocybin (pseudo),Biomass (pseudo),3,0.012355325,0.001069266,0.9927507426867616,0.000399054,0.047593548,0.000588034,,,,,,,,
141,27-PSI_F504_C1_R2,serotonin (pseudo),Biomass (pseudo),3,4.0928091745169467e-08,5.7138133870448254e-09,0.744984182,2.3945920177550552e-08,0.047593548,1.9479131037643636e-09,,,,,,,,
142,27-PSI_F504_C1_R2,tryptamine (pseudo),Biomass (pseudo),3,0.000354151,5.4376001239488034e-05,0.974566925,2.1623872177151528e-05,0.047593548,1.6855318752735863e-05,,,,,,,,
143,27-PSI_F504_C1_R2,tryptophan (pseudo),Biomass (pseudo),3,6.1842566543278e-07,7.449452242506312e-08,0.961856443,1.2315242525801465e-07,0.047593548,2.943307166386241e-08,,,,,,,,
144,27-PSI_F504_C1_R3,4-hydroxytryptamine (pseudo),Biomass (pseudo),3,2.988907236539516e-07,4.1726983723325636e-08,0.991432437,2.7784944287908268e-08,0.049368764,1.4755865694219478e-08,,,,,,,,
145,27-PSI_F504_C1_R3,Acetate (pseudo),Biomass (pseudo),3,,,,,0.049368764,,,,,,,,,
146,27-PSI_F504_C1_R3,Baeocystine (pseudo),Biomass (pseudo),3,0.000248326,2.2606447813782408e-05,0.9831912651497494,1.2272194570005915e-05,0.049368764,1.2259563343319158e-05,,,,,,,,
147,27-PSI_F504_C1_R3,Ethanol (pseudo),Biomass (pseudo),3,,,,,0.049368764,,,,,,,,,
148,27-PSI_F504_C1_R3,Formate (pseudo),Biomass (pseudo),3,0.000159183,8.698718712568802e-05,0.8085697868306664,2.9274817524974496e-05,0.049368764,7.858668819568238e-06,,,,,,,,
149,27-PSI_F504_C1_R3,Glucose (pseudo),Biomass (pseudo),3,2.8154960834126244,0.3844427378549654,0.9939205507080175,0.1557027254969738,0.049368764,0.138997563,,,,,,,,
150,27-PSI_F504_C1_R3,Lactate (pseudo),Biomass (pseudo),3,,,,,0.049368764,,,,,,,,,
151,27-PSI_F504_C1_R3,Maltose (pseudo),Biomass (pseudo),3,,,,,0.049368764,,,,,,,,,
152,27-PSI_F504_C1_R3,Propionate (pseudo),Biomass (pseudo),3,0.000456575,0.000153712,0.9537101418648656,0.000100588,0.049368764,2.254056187673817e-05,,,,,,,,
153,27-PSI_F504_C1_R3,Succinate (pseudo),Biomass (pseudo),3,5.354910971296445e-05,1.1349255612465972e-05,0.979671398,2.915525079319171e-06,0.049368764,2.643653377092958e-06,,,,,,,,
154,27-PSI_F504_C1_R3,norbaeocystin (pseudo),Biomass (pseudo),3,2.887173360847711e-06,2.772335558642168e-07,0.918383311,8.606971344473267e-07,0.049368764,1.425361812095631e-07,,,,,,,,
155,27-PSI_F504_C1_R3,psilocin (pseudo),Biomass (pseudo),3,0.001371386,0.000165152,0.934959623,0.000136712,0.049368764,6.770362912844057e-05,,,,,,,,
156,27-PSI_F504_C1_R3,psilocybin (pseudo),Biomass (pseudo),3,0.00905032,0.000783241,0.979716217,0.000492197,0.049368764,0.000446803,,,,,,,,
157,27-PSI_F504_C1_R3,serotonin (pseudo),Biomass (pseudo),3,1.0786995594415649e-07,1.5059309438886838e-08,0.8997230187012886,3.6011956040228365e-08,0.049368764,5.325406432473273e-09,,,,,,,,
158,27-PSI_F504_C1_R3,tryptamine (pseudo),Biomass (pseudo),3,0.000261839,4.020252306910263e-05,0.9238360652296964,2.8416012822942168e-05,0.049368764,1.2926685634360052e-05,,,,,,,,
159,27-PSI_F504_C1_R3,tryptophan (pseudo),Biomass (pseudo),3,6.472171613178899e-07,7.796269791607135e-08,0.970854641,1.1213924399704897e-07,0.049368764,3.195231150250689e-08,,,,,,,,
160,27-PSI_F504_C1_R4,4-hydroxytryptamine (pseudo),Biomass (pseudo),3,2.9591650902105735e-07,4.1311765063946495e-08,0.9183149689583908,8.825607359561331e-08,0.050773792,1.5024803241348066e-08,,,,,,,,
161,27-PSI_F504_C1_R4,Acetate (pseudo),Biomass (pseudo),3,0.00093858,0.000391075,0.9855062746162112,8.048534240930502e-05,0.050773792,4.765528542136249e-05,,,,,,,,
162,27-PSI_F504_C1_R4,Baeocystine (pseudo),Biomass (pseudo),3,0.000264976,2.4122146448377365e-05,0.9904236967223832,9.847948814121742e-06,0.050773792,1.345383095903904e-05,,,,,,,,
163,27-PSI_F504_C1_R4,Ethanol (pseudo),Biomass (pseudo),3,,,,,0.050773792,,,,,,,,,
164,27-PSI_F504_C1_R4,Formate (pseudo),Biomass (pseudo),3,0.000509214,0.000278265,0.9422843932248636,7.276042754711829e-05,0.050773792,2.58547197311112e-05,,,,,,,,
165,27-PSI_F504_C1_R4,Glucose (pseudo),Biomass (pseudo),3,2.9551950677770025,0.4035179766169753,0.9968087857139284,0.096537841,0.050773792,0.1500464593207003,,,,,,,,
166,27-PSI_F504_C1_R4,Lactate (pseudo),Biomass (pseudo),3,0.000297127,8.206272903924321e-05,0.9906545071799352,1.6661790427688256e-05,0.050773792,1.5086270806187588e-05,,,,,,,,
167,27-PSI_F504_C1_R4,Maltose (pseudo),Biomass (pseudo),3,,,,,0.050773792,,,,,,,,,
168,27-PSI_F504_C1_R4,Propionate (pseudo),Biomass (pseudo),3,0.000411572,0.000138561,0.975634552,6.504139849419697e-05,0.050773792,2.089709181294948e-05,,,,,,,,
169,27-PSI_F504_C1_R4,Succinate (pseudo),Biomass (pseudo),3,0.000158574,3.3608351279161664e-05,0.9971229045379928,8.517945852913507e-06,0.050773792,8.051405198383887e-06,,,,,,,,
170,27-PSI_F504_C1_R4,norbaeocystin (pseudo),Biomass (pseudo),3,3.223912764938546e-06,3.095681096744144e-07,0.8397624132122484,1.4082743317914349e-06,0.050773792,1.6369027574945197e-07,,,,,,,,
171,27-PSI_F504_C1_R4,psilocin (pseudo),Biomass (pseudo),3,0.001289772,0.000155323,0.9344520060787374,0.000129112,0.050773792,6.548661737924427e-05,,,,,,,,
172,27-PSI_F504_C1_R4,psilocybin (pseudo),Biomass (pseudo),3,0.009241854,0.000799817,0.9848498000578304,0.000433246,0.050773792,0.000469244,,,,,,,,
173,27-PSI_F504_C1_R4,serotonin (pseudo),Biomass (pseudo),3,1.4393121291926437e-07,2.009368275247661e-08,0.907858633,4.5853574581674033e-08,0.050773792,7.3079334490480775e-09,,,,,,,,
174,27-PSI_F504_C1_R4,tryptamine (pseudo),Biomass (pseudo),3,0.000324656,4.984735832999297e-05,0.8976729072408826,4.142962542998704e-05,0.050773792,1.6484028871715447e-05,,,,,,,,
175,27-PSI_F504_C1_R4,tryptophan (pseudo),Biomass (pseudo),3,3.920942233739858e-07,4.723101505729141e-08,0.6626429277197214,2.797664099812264e-07,0.050773792,1.9908110492896165e-08,,,,,,,,
176,27-PSI_F504_C2_R2,4-hydroxytryptamine (pseudo),Biomass (pseudo),3,1.7283685644559678e-07,2.412908840906691e-08,0.5628222164056581,1.5232801566780097e-07,0.046009392,7.952118634694352e-09,,,,,,,,
177,27-PSI_F504_C2_R2,Acetate (pseudo),Biomass (pseudo),3,,,,,0.046009392,,,,,,,,,
178,27-PSI_F504_C2_R2,Baeocystine (pseudo),Biomass (pseudo),3,2.9988445728860935e-07,2.730005606179957e-08,0.017725926,7.441227326407877e-07,0.046009392,1.3797501471051008e-08,,,,,,,,
179,27-PSI_F504_C2_R2,Ethanol (pseudo),Biomass (pseudo),3,0.000504508,0.000269392,0.7830686117880569,0.000153309,0.046009392,2.3212114499005902e-05,,,,,,,,
180,27-PSI_F504_C2_R2,Formate (pseudo),Biomass (pseudo),3,0.00028406,0.000155227,0.1398321982174872,0.000498176,0.046009392,1.3069423731097412e-05,,,,,,,,
181,27-PSI_F504_C2_R2,Glucose (pseudo),Biomass (pseudo),3,,,,,0.046009392,,,,,,,,,
182,27-PSI_F504_C2_R2,Lactate (pseudo),Biomass (pseudo),3,2.7385641170425143e-05,7.563565429352854e-06,0.9254627349528723,5.495600751508664e-06,0.046009392,1.2599966925627264e-06,,,,,,,,
183,27-PSI_F504_C2_R2,Maltose (pseudo),Biomass (pseudo),3,,,,,0.046009392,,,,,,,,,
184,27-PSI_F504_C2_R2,Propionate (pseudo),Biomass (pseudo),3,,,,,0.046009392,,,,,,,,,
185,27-PSI_F504_C2_R2,Succinate (pseudo),Biomass (pseudo),3,6.765875689849862e-05,1.433966933491054e-05,0.9975827783578688,2.355010141882261e-06,0.046009392,3.112938250541255e-06,,,,,,,,
186,27-PSI_F504_C2_R2,norbaeocystin (pseudo),Biomass (pseudo),3,2.6084836751115792e-08,2.504730801660675e-09,0.7552206922479519,1.4850413069527037e-08,0.046009392,1.2001474724622747e-09,,,,,,,,
187,27-PSI_F504_C2_R2,psilocin (pseudo),Biomass (pseudo),3,3.773104405516258e-05,4.543839292304904e-06,0.4522743844075109,1.3840701375346308e-05,0.046009392,1.7359823865575512e-06,,,,,,,,
188,27-PSI_F504_C2_R2,psilocybin (pseudo),Biomass (pseudo),3,0.000125188,1.0834169495643866e-05,0.901331418,1.3806702924606828e-05,0.046009392,5.759841589345608e-06,,,,,,,,
189,27-PSI_F504_C2_R2,serotonin (pseudo),Biomass (pseudo),3,5.175990189296661e-09,7.22600071827353e-10,0.1619904843799492,1.1772621126343936e-08,0.046009392,2.3814416024314203e-10,,,,,,,,
190,27-PSI_F504_C2_R2,tryptamine (pseudo),Biomass (pseudo),3,9.378981791748468e-06,1.4400383976845109e-06,0.2133210392678072,6.003663746650821e-06,0.046009392,4.315212473451701e-07,,,,,,,,
191,27-PSI_F504_C2_R2,tryptophan (pseudo),Biomass (pseudo),3,7.036860072865206e-08,8.476484075628445e-09,0.1055423347367794,2.048544779733296e-07,0.046009392,3.237616516867266e-09,,,,,,,,
192,27-PSI_F504_C2_R3,4-hydroxytryptamine (pseudo),Biomass (pseudo),3,8.57942348712854e-08,1.1977402972780325e-08,0.1505642412786961,2.037804210533186e-07,0.054793788,4.7009910882796596e-09,,,,,,,,
193,27-PSI_F504_C2_R3,Acetate (pseudo),Biomass (pseudo),3,,,,,0.054793788,,,,,,,,,
194,27-PSI_F504_C2_R3,Baeocystine (pseudo),Biomass (pseudo),3,1.276454575642224e-06,1.1620235937014973e-07,0.2906705325996364,7.536675944163369e-07,0.054793788,6.994178097969424e-08,,,,,,,,
195,27-PSI_F504_C2_R3,Ethanol (pseudo),Biomass (pseudo),3,,,,,0.054793788,,,,,,,,,
196,27-PSI_F504_C2_R3,Formate (pseudo),Biomass (pseudo),3,0.000649475,0.000354912,0.7123332652129107,0.000206365,0.054793788,3.5587216887558874e-05,,,,,,,,
197,27-PSI_F504_C2_R3,Glucose (pseudo),Biomass (pseudo),3,34.15856082426225,4.664190699,1,0,0.054793788,1.871676928691394,,,,,,,,
198,27-PSI_F504_C2_R3,Lactate (pseudo),Biomass (pseudo),3,,,,,0.054793788,,,,,,,,,
199,27-PSI_F504_C2_R3,Maltose (pseudo),Biomass (pseudo),3,,,,,0.054793788,,,,,,,,,
200,27-PSI_F504_C2_R3,Propionate (pseudo),Biomass (pseudo),3,,,,,0.054793788,,,,,,,,,
201,27-PSI_F504_C2_R3,Succinate (pseudo),Biomass (pseudo),3,0.000368203,7.803737185866112e-05,1,0,0.054793788,2.017524580085158e-05,,,,,,,,
202,27-PSI_F504_C2_R3,norbaeocystin (pseudo),Biomass (pseudo),3,3.876728211455439e-08,3.722530699941598e-09,0.9360373613277688,1.01340244699541e-08,0.054793788,2.124206224471376e-09,,,,,,,,
203,27-PSI_F504_C2_R3,psilocin (pseudo),Biomass (pseudo),3,3.1945059166692955e-05,3.84705005311836e-06,0.3808789267661592,1.5393911934611036e-05,0.054793788,1.7503907888739945e-06,,,,,,,,
204,27-PSI_F504_C2_R3,psilocybin (pseudo),Biomass (pseudo),3,9.455021858351172e-05,8.182652636232597e-06,0.8700242188650373,1.3812715416960735e-05,0.054793788,5.180764600591432e-06,,,,,,,,
205,27-PSI_F504_C2_R3,serotonin (pseudo),Biomass (pseudo),3,2.971934409589605e-09,4.1490032617844776e-10,0.0210371,2.0273531197524182e-08,0.054793788,1.6284354298855566e-10,,,,,,,,
206,27-PSI_F504_C2_R3,tryptamine (pseudo),Biomass (pseudo),3,4.3797371550816055e-05,6.724599551554582e-06,0.4757753837834325,1.7376277700397858e-05,0.054793788,2.3998238769697258e-06,,,,,,,,
207,27-PSI_F504_C2_R3,tryptophan (pseudo),Biomass (pseudo),3,1.508332191868185e-07,1.81691175790605e-08,0.7195698184506717,9.416140004083489e-08,0.054793788,8.264723384707106e-09,,,,,,,,
208,27-PSI_F504_C2_R4,4-hydroxytryptamine (pseudo),Biomass (pseudo),3,1.4050788769262189e-08,1.961576549139378e-09,0.07359537,4.9851222987540346e-08,0.054322111,7.63268503036488e-10,,,,,,,,
209,27-PSI_F504_C2_R4,Acetate (pseudo),Biomass (pseudo),3,,,,,0.054322111,,,,,,,,,
210,27-PSI_F504_C2_R4,Baeocystine (pseudo),Biomass (pseudo),3,2.4034373509768525e-06,2.1879751626988835e-07,0.4170964737512526,1.0739000640437317e-06,0.054322111,1.3055978985572732e-07,,,,,,,,
211,27-PSI_F504_C2_R4,Ethanol (pseudo),Biomass (pseudo),3,,,,,0.054322111,,,,,,,,,
212,27-PSI_F504_C2_R4,Formate (pseudo),Biomass (pseudo),3,0.000215807,0.00011793,0.7037662163427564,6.261569369353542e-05,0.054322111,1.1723080561364824e-05,,,,,,,,
213,27-PSI_F504_C2_R4,Glucose (pseudo),Biomass (pseudo),3,,,,,0.054322111,,,,,,,,,
214,27-PSI_F504_C2_R4,Lactate (pseudo),Biomass (pseudo),3,,,,,0.054322111,,,,,,,,,
215,27-PSI_F504_C2_R4,Maltose (pseudo),Biomass (pseudo),3,,,,,0.054322111,,,,,,,,,
216,27-PSI_F504_C2_R4,Propionate (pseudo),Biomass (pseudo),3,,,,,0.054322111,,,,,,,,,
217,27-PSI_F504_C2_R4,Succinate (pseudo),Biomass (pseudo),3,,,,,0.054322111,,,,,,,,,
218,27-PSI_F504_C2_R4,norbaeocystin (pseudo),Biomass (pseudo),3,4.9624520026975176e-08,4.765069646214096e-09,0.9957988298314366,3.2232623100120103e-09,0.054322111,2.6957086706586716e-09,,,,,,,,
219,27-PSI_F504_C2_R4,psilocin (pseudo),Biomass (pseudo),3,3.509934602781804e-05,4.226911595190377e-06,0.4610721029529594,1.4342699986940643e-05,0.054322111,1.9066705606463368e-06,,,,,,,,
220,27-PSI_F504_C2_R4,psilocybin (pseudo),Biomass (pseudo),3,5.255279397328194e-06,4.548072596649226e-07,0.005151869,2.7602142807603705e-05,0.054322111,2.854778692148696e-07,,,,,,,,
221,27-PSI_F504_C2_R4,serotonin (pseudo),Biomass (pseudo),3,1.560371904103041e-08,2.178375168318189e-09,0.525926703,1.4814542963177936e-08,0.054322111,8.47626953178844e-10,,,,,,,,
222,27-PSI_F504_C2_R4,tryptamine (pseudo),Biomass (pseudo),3,4.8284914326839576e-05,7.413611861442103e-06,0.2558916959252342,3.112091980525305e-05,0.054322111,2.6229384615129445e-06,,,,,,,,
223,27-PSI_F504_C2_R4,tryptophan (pseudo),Biomass (pseudo),3,2.5632459629585705e-08,3.0876432616188834e-09,0.1852272587536033,5.375960607870424e-08,0.054322111,1.392409309676387e-09,,,,,,,,
224,27-PSI_F505_C1_R1,4-hydroxytryptamine (pseudo),Biomass (pseudo),3,8.52241910795791e-09,1.18978213526908e-09,0.8824772373372982,3.110084062783136e-09,0.064350515,5.484220544346478e-10,,,,,,,,
225,27-PSI_F505_C1_R1,Acetate (pseudo),Biomass (pseudo),3,,,,,0.064350515,,,,,,,,,
226,27-PSI_F505_C1_R1,Baeocystine (pseudo),Biomass (pseudo),3,0.000103656,9.436340520603831e-06,0.7034035492703083,2.5440503367198428e-05,0.064350515,6.670310436910454e-06,,,,,,,,
227,27-PSI_F505_C1_R1,Ethanol (pseudo),Biomass (pseudo),3,,,,,0.064350515,,,,,,,,,
228,27-PSI_F505_C1_R1,Formate (pseudo),Biomass (pseudo),3,0.000341146,0.000186423,0.9711352020376368,2.6302652443546157e-05,0.064350515,2.1952913164112508e-05,,,,,,,,
229,27-PSI_F505_C1_R1,Glucose (pseudo),Biomass (pseudo),3,,,,,0.064350515,,,,,,,,,
230,27-PSI_F505_C1_R1,Lactate (pseudo),Biomass (pseudo),3,,,,,0.064350515,,,,,,,,,
231,27-PSI_F505_C1_R1,Maltose (pseudo),Biomass (pseudo),3,,,,,0.064350515,,,,,,,,,
232,27-PSI_F505_C1_R1,Propionate (pseudo),Biomass (pseudo),3,,,,,0.064350515,,,,,,,,,
233,27-PSI_F505_C1_R1,Succinate (pseudo),Biomass (pseudo),3,,,,,0.064350515,,,,,,,,,
234,27-PSI_F505_C1_R1,norbaeocystin (pseudo),Biomass (pseudo),3,6.07357469414744e-09,5.831997247200398e-10,0.3941277450218588,7.530371554691772e-09,0.064350515,3.9083765646028554e-10,,,,,,,,
235,27-PSI_F505_C1_R1,psilocin (pseudo),Biomass (pseudo),3,7.057039110024222e-05,8.49858581930044e-06,0.8283003668710469,1.214406997604471e-05,0.064350515,4.541240976205059e-06,,,,,,,,
236,27-PSI_F505_C1_R1,psilocybin (pseudo),Biomass (pseudo),3,0.000153172,1.3255967791809812e-05,0.9368961308891924,1.502495270083472e-05,0.064350515,9.85670788150153e-06,,,,,,,,
237,27-PSI_F505_C1_R1,serotonin (pseudo),Biomass (pseudo),3,1.5366824158799872e-09,2.1453031854405362e-10,0.9875633915383044,1.7244579601616144e-10,0.064350515,9.888630409452315e-11,,,,,,,,
238,27-PSI_F505_C1_R1,tryptamine (pseudo),Biomass (pseudo),3,2.047316471686181e-06,3.143426863280493e-07,0.5212328882188729,7.416213263077874e-07,0.064350515,1.3174586831004454e-07,,,,,,,,
239,27-PSI_F505_C1_R1,tryptophan (pseudo),Biomass (pseudo),3,1.1588417195457237e-07,1.39592137404881e-08,0.5678783951825093,1.0108796150872229e-07,0.064350515,7.457206088402856e-09,,,,,,,,
240,27-PSI_F505_C1_R2,4-hydroxytryptamine (pseudo),Biomass (pseudo),3,2.5815228098275796e-08,3.603964651368166e-09,0.8569562896253949,1.0547050240269115e-08,0.060890548,1.5719033834970507e-09,,,,,,,,
241,27-PSI_F505_C1_R2,Acetate (pseudo),Biomass (pseudo),3,,,,,0.060890548,,,,,,,,,
242,27-PSI_F505_C1_R2,Baeocystine (pseudo),Biomass (pseudo),3,4.119212398122168e-05,3.749935238923317e-06,0.1596354767168726,3.572188057478512e-05,0.060890548,2.50821099906675e-06,,,,,,,,
243,27-PSI_F505_C1_R2,Ethanol (pseudo),Biomass (pseudo),3,,,,,0.060890548,,,,,,,,,
244,27-PSI_F505_C1_R2,Formate (pseudo),Biomass (pseudo),3,0.000363173,0.00019846,0.9734649895915368,2.2662845790110184e-05,0.060890548,2.2113825737578814e-05,,,,,,,,
245,27-PSI_F505_C1_R2,Glucose (pseudo),Biomass (pseudo),3,,,,,0.060890548,,,,,,,,,
246,27-PSI_F505_C1_R2,Lactate (pseudo),Biomass (pseudo),3,,,,,0.060890548,,,,,,,,,
247,27-PSI_F505_C1_R2,Maltose (pseudo),Biomass (pseudo),3,,,,,0.060890548,,,,,,,,,
248,27-PSI_F505_C1_R2,Propionate (pseudo),Biomass (pseudo),3,,,,,0.060890548,,,,,,,,,
249,27-PSI_F505_C1_R2,Succinate (pseudo),Biomass (pseudo),3,,,,,0.060890548,,,,,,,,,
250,27-PSI_F505_C1_R2,norbaeocystin (pseudo),Biomass (pseudo),3,1.1377726160384163e-09,1.0925175203772608e-10,0.021625267,7.652923232750322e-09,0.060890548,6.927959799512791e-11,,,,,,,,
251,27-PSI_F505_C1_R2,psilocin (pseudo),Biomass (pseudo),3,0.000107227,1.291304990979416e-05,0.6486485873879666,2.982783851902909e-05,0.060890548,6.529118811642071e-06,,,,,,,,
252,27-PSI_F505_C1_R2,psilocybin (pseudo),Biomass (pseudo),3,0.000169455,1.466509852066768e-05,0.7882229596770307,3.319856284632474e-05,0.060890548,1.031818449221548e-05,,,,,,,,
253,27-PSI_F505_C1_R2,serotonin (pseudo),Biomass (pseudo),3,4.982221072307953e-10,6.955487110764181e-11,0.4426328763458924,5.590772682515456e-10,0.060890548,3.0337017093466044e-11,,,,,,,,
254,27-PSI_F505_C1_R2,tryptamine (pseudo),Biomass (pseudo),3,3.253343681648408e-06,4.995147582608342e-07,0.7694443010410272,6.731010399473289e-07,0.060890548,1.980978793367101e-07,,,,,,,,
255,27-PSI_F505_C1_R2,tryptophan (pseudo),Biomass (pseudo),3,2.801275335259558e-07,3.3743694666235005e-08,0.9009983874878496,9.28570590591212e-08,0.060890548,1.7057119002932362e-08,,,,,,,,
256,27-PSI_F505_C1_R3,4-hydroxytryptamine (pseudo),Biomass (pseudo),3,3.795801245428077e-09,5.299172046849253e-10,0.014938708,3.0823260508656825e-08,0.064043631,2.4309689274349486e-10,,,,,,,,
257,27-PSI_F505_C1_R3,Acetate (pseudo),Biomass (pseudo),3,,,,,0.064043631,,,,,,,,,
258,27-PSI_F505_C1_R3,Baeocystine (pseudo),Biomass (pseudo),3,0.000108258,9.855332483959794e-06,0.350301913,5.572463324053696e-05,0.064043631,6.93326248874527e-06,,,,,,,,
259,27-PSI_F505_C1_R3,Ethanol (pseudo),Biomass (pseudo),3,,,,,0.064043631,,,,,,,,,
260,27-PSI_F505_C1_R3,Formate (pseudo),Biomass (pseudo),3,0.000481347,0.000263037,0.8938276702867588,6.772696100036824e-05,0.064043631,3.0827221406511616e-05,,,,,,,,
261,27-PSI_F505_C1_R3,Glucose (pseudo),Biomass (pseudo),3,,,,,0.064043631,,,,,,,,,
262,27-PSI_F505_C1_R3,Lactate (pseudo),Biomass (pseudo),3,0.000257245,7.10478156859428e-05,0.905629565,3.138634453629264e-05,0.064043631,1.6474908809115337e-05,,,,,,,,
263,27-PSI_F505_C1_R3,Maltose (pseudo),Biomass (pseudo),3,,,,,0.064043631,,,,,,,,,
264,27-PSI_F505_C1_R3,Propionate (pseudo),Biomass (pseudo),3,,,,,0.064043631,,,,,,,,,
265,27-PSI_F505_C1_R3,Succinate (pseudo),Biomass (pseudo),3,,,,,0.064043631,,,,,,,,,
266,27-PSI_F505_C1_R3,norbaeocystin (pseudo),Biomass (pseudo),3,2.275470139704816e-08,2.184962935194132e-09,0.1683431164150831,5.05761250939636e-08,0.064043631,1.457293690387795e-09,,,,,,,,
267,27-PSI_F505_C1_R3,psilocin (pseudo),Biomass (pseudo),3,0.000200514,2.414732830584554e-05,0.3717472227237051,9.85233723863972e-05,0.064043631,1.2841651820055851e-05,,,,,,,,
268,27-PSI_F505_C1_R3,psilocybin (pseudo),Biomass (pseudo),3,0.000151176,1.3083190627322346e-05,0.1637653935402646,0.000129118,0.064043631,9.681842981229164e-06,,,,,,,,
269,27-PSI_F505_C1_R3,serotonin (pseudo),Biomass (pseudo),3,5.043918723609014e-10,7.041620827466189e-11,0.018872863,3.6367364750418364e-09,0.064043631,3.230308674451695e-11,,,,,,,,
270,27-PSI_F505_C1_R3,tryptamine (pseudo),Biomass (pseudo),3,3.030960258161465e-07,4.6537025559088795e-08,0.005389463,1.556270187552643e-06,0.064043631,1.9411369909727133e-08,,,,,,,,
271,27-PSI_F505_C1_R3,tryptophan (pseudo),Biomass (pseudo),3,1.1513178117314092e-08,1.3868582004011687e-09,0.001972355,2.589846480611758e-07,0.064043631,7.373457262264573e-10,,,,,,,,
272,27-PSI_F505_C1_R4,4-hydroxytryptamine (pseudo),Biomass (pseudo),3,1.1545587161925052e-08,1.6118349933792422e-09,0.2269450011745805,2.130889405294981e-08,0.067545686,7.798545997166162e-10,,,,,,,,
273,27-PSI_F505_C1_R4,Acetate (pseudo),Biomass (pseudo),3,,,,,0.067545686,,,,,,,,,
274,27-PSI_F505_C1_R4,Baeocystine (pseudo),Biomass (pseudo),3,0.000163628,1.4895900360086736e-05,0.6599528423287042,4.43936935460104e-05,0.067545686,1.1052354105363037e-05,,,,,,,,
275,27-PSI_F505_C1_R4,Ethanol (pseudo),Biomass (pseudo),3,,,,,0.067545686,,,,,,,,,
276,27-PSI_F505_C1_R4,Formate (pseudo),Biomass (pseudo),3,0.000628565,0.000343486,0.9694166061150784,4.992901340934301e-05,0.067545686,4.245687145588396e-05,,,,,,,,
277,27-PSI_F505_C1_R4,Glucose (pseudo),Biomass (pseudo),3,,,,,0.067545686,,,,,,,,,
278,27-PSI_F505_C1_R4,Lactate (pseudo),Biomass (pseudo),3,0.000190278,5.255233786836945e-05,0.8058558785354958,3.812819045521208e-05,0.067545686,1.2852452278658418e-05,,,,,,,,
279,27-PSI_F505_C1_R4,Maltose (pseudo),Biomass (pseudo),3,,,,,0.067545686,,,,,,,,,
280,27-PSI_F505_C1_R4,Propionate (pseudo),Biomass (pseudo),3,,,,,0.067545686,,,,,,,,,
281,27-PSI_F505_C1_R4,Succinate (pseudo),Biomass (pseudo),3,,,,,0.067545686,,,,,,,,,
282,27-PSI_F505_C1_R4,norbaeocystin (pseudo),Biomass (pseudo),3,1.6162796267881672e-08,1.5519918349267692e-09,0.8072908736906687,7.896826903056855e-09,0.067545686,1.0917271540210212e-09,,,,,,,,
283,27-PSI_F505_C1_R4,psilocin (pseudo),Biomass (pseudo),3,0.000107041,1.2890688678604914e-05,0.3487141499606344,5.529094288728512e-05,0.067545686,7.23018806135652e-06,,,,,,,,
284,27-PSI_F505_C1_R4,psilocybin (pseudo),Biomass (pseudo),3,2.8745771216446418e-05,2.4877431712866816e-06,0.021991338,7.245535084156261e-05,0.067545686,1.941652822948284e-06,,,,,,,,
285,27-PSI_F505_C1_R4,serotonin (pseudo),Biomass (pseudo),3,4.562837912044258e-10,6.37000241962935e-11,0.030147838,2.587972914715353e-09,0.067545686,3.082000147384254e-11,,,,,,,,
286,27-PSI_F505_C1_R4,tryptamine (pseudo),Biomass (pseudo),3,3.617434021240422e-05,5.554167826895168e-06,0.2559969372395042,2.330888910619761e-05,0.067545686,2.4434206082987527e-06,,,,,,,,
287,27-PSI_F505_C1_R4,tryptophan (pseudo),Biomass (pseudo),3,9.627891624392177e-08,1.159759739300987e-08,0.3207686998991048,1.401019069000481e-07,0.067545686,6.503225399931429e-09,,,,,,,,
288,27-PSI_F505_C2_R1,4-hydroxytryptamine (pseudo),Biomass (pseudo),3,1.5908771432813484e-08,2.2209623588173872e-09,0.177382551,3.425943155180841e-08,0.057534597,9.153047490111985e-10,,,,,,,,
289,27-PSI_F505_C2_R1,Acetate (pseudo),Biomass (pseudo),3,,,,,0.057534597,,,,,,,,,
290,27-PSI_F505_C2_R1,Baeocystine (pseudo),Biomass (pseudo),3,9.200858465672394e-05,8.376024359535237e-06,0.9077265209228972,1.1087669337859083e-05,0.057534597,5.293676814816407e-06,,,,,,,,
291,27-PSI_F505_C2_R1,Ethanol (pseudo),Biomass (pseudo),3,,,,,0.057534597,,,,,,,,,
292,27-PSI_F505_C2_R1,Formate (pseudo),Biomass (pseudo),3,0.000639058,0.00034922,0.907832543,7.696214908383653e-05,0.057534597,3.676794455125536e-05,,,,,,,,
293,27-PSI_F505_C2_R1,Glucose (pseudo),Biomass (pseudo),3,,,,,0.057534597,,,,,,,,,
294,27-PSI_F505_C2_R1,Lactate (pseudo),Biomass (pseudo),3,,,,,0.057534597,,,,,,,,,
295,27-PSI_F505_C2_R1,Maltose (pseudo),Biomass (pseudo),3,,,,,0.057534597,,,,,,,,,
296,27-PSI_F505_C2_R1,Propionate (pseudo),Biomass (pseudo),3,0.000115624,3.892624279061126e-05,0.4323238852019229,7.649473696302496e-05,0.057534597,6.65235720125441e-06,,,,,,,,
297,27-PSI_F505_C2_R1,Succinate (pseudo),Biomass (pseudo),3,6.018623493697074e-05,1.2755935034457483e-05,0.9668034980829556,4.215268185183115e-06,0.057534597,3.46279075638027e-06,,,,,,,,
298,27-PSI_F505_C2_R1,norbaeocystin (pseudo),Biomass (pseudo),3,4.469333488133278e-08,4.291565002852517e-09,0.2711620478481704,7.327297056487696e-08,0.057534597,2.571412999350454e-09,,,,,,,,
299,27-PSI_F505_C2_R1,psilocin (pseudo),Biomass (pseudo),3,0.000672168,8.09472556439864e-05,0.8978640052708512,8.568663741651401e-05,0.057534597,3.8672928742289256e-05,,,,,,,,
300,27-PSI_F505_C2_R1,psilocybin (pseudo),Biomass (pseudo),3,0.003260025,0.000282132,0.9440799160631692,0.000299883,0.057534597,0.000187564,,,,,,,,
301,27-PSI_F505_C2_R1,serotonin (pseudo),Biomass (pseudo),3,6.342533029338802e-10,8.85456628578029e-11,0.5073154080754205,6.250405613814893e-10,0.057534597,3.649150801513216e-11,,,,,,,,
302,27-PSI_F505_C2_R1,tryptamine (pseudo),Biomass (pseudo),3,8.146213503861856e-06,1.2507605304893376e-06,0.1540622453418923,7.214859211955424e-06,0.057534597,4.686891089003007e-07,,,,,,,,
303,27-PSI_F505_C2_R1,tryptophan (pseudo),Biomass (pseudo),3,1.0944823116197597e-07,1.318395106544221e-08,0.974602084,1.766827377353971e-08,0.057534597,6.2970598437792355e-09,,,,,,,,
304,27-PSI_F505_C2_R2,4-hydroxytryptamine (pseudo),Biomass (pseudo),3,4.854633698029445e-07,6.777367287414128e-08,0.8320707099194296,2.180919195328415e-07,0.055714717,2.7047454234115165e-08,,,,,,,,
305,27-PSI_F505_C2_R2,Acetate (pseudo),Biomass (pseudo),3,0.000109235,4.551477650159055e-05,1,0,0.055714717,6.086022934677617e-06,,,,,,,,
306,27-PSI_F505_C2_R2,Baeocystine (pseudo),Biomass (pseudo),3,3.3492266627277586e-05,3.048976812030821e-06,0.016191711,9.86743745233476e-05,0.055714717,1.866012154873356e-06,,,,,,,,
307,27-PSI_F505_C2_R2,Ethanol (pseudo),Biomass (pseudo),3,,,,,0.055714717,,,,,,,,,
308,27-PSI_F505_C2_R2,Formate (pseudo),Biomass (pseudo),3,0.000643794,0.000351808,0.8544651253854636,0.000100423,0.055714717,3.586882271536674e-05,,,,,,,,
309,27-PSI_F505_C2_R2,Glucose (pseudo),Biomass (pseudo),3,,,,,0.055714717,,,,,,,,,
310,27-PSI_F505_C2_R2,Lactate (pseudo),Biomass (pseudo),3,,,,,0.055714717,,,,,,,,,
311,27-PSI_F505_C2_R2,Maltose (pseudo),Biomass (pseudo),3,,,,,0.055714717,,,,,,,,,
312,27-PSI_F505_C2_R2,Propionate (pseudo),Biomass (pseudo),3,6.373774050132643e-05,2.14581691026773e-05,0.8288421331935278,1.6722398130184067e-05,0.055714717,3.5511301705323405e-06,,,,,,,,
313,27-PSI_F505_C2_R2,Succinate (pseudo),Biomass (pseudo),3,6.789008338659846e-05,1.4388696918327926e-05,0.6791640501820767,1.763646293247048e-05,0.055714717,3.782476779029985e-06,,,,,,,,
314,27-PSI_F505_C2_R2,norbaeocystin (pseudo),Biomass (pseudo),3,9.831297204084475e-07,9.440255717259774e-08,0.6559422328811448,7.120224899984869e-07,0.055714717,5.4774794089489394e-08,,,,,,,,
315,27-PSI_F505_C2_R2,psilocin (pseudo),Biomass (pseudo),3,0.000312473,3.763015143207357e-05,0.6611996712729716,9.131493153858832e-05,0.055714717,1.7409317848670105e-05,,,,,,,,
316,27-PSI_F505_C2_R2,psilocybin (pseudo),Biomass (pseudo),3,0.000113122,9.789951083803094e-06,0.047141626,0.000227445,0.055714717,6.302587332236158e-06,,,,,,,,
317,27-PSI_F505_C2_R2,serotonin (pseudo),Biomass (pseudo),3,1.038974902715994e-08,1.450472879337918e-09,0.1689022867590356,2.304694343282593e-08,0.055714717,5.78861926143097e-10,,,,,,,,
318,27-PSI_F505_C2_R2,tryptamine (pseudo),Biomass (pseudo),3,0.000118108,1.813412568601377e-05,0.5014830771155996,4.450830275577351e-05,0.055714717,6.580337521236784e-06,,,,,,,,
319,27-PSI_F505_C2_R2,tryptophan (pseudo),Biomass (pseudo),3,7.784805530359063e-07,9.377446677447505e-08,0.9622084636078412,1.5428029331857865e-07,0.055714717,4.3372823656981975e-08,,,,,,,,
320,27-PSI_F505_C2_R3,4-hydroxytryptamine (pseudo),Biomass (pseudo),3,3.515264166273322e-07,4.9075250264073395e-08,0.9200835445289688,1.0360064089151829e-07,0.059849977,2.1038848091572317e-08,,,,,,,,
321,27-PSI_F505_C2_R3,Acetate (pseudo),Biomass (pseudo),3,,,,,0.059849977,,,,,,,,,
322,27-PSI_F505_C2_R3,Baeocystine (pseudo),Biomass (pseudo),3,0.000279009,2.5399608722385647e-05,0.6138458335739628,8.36409835486562e-05,0.059849977,1.669865282645572e-05,,,,,,,,
323,27-PSI_F505_C2_R3,Ethanol (pseudo),Biomass (pseudo),3,,,,,0.059849977,,,,,,,,,
324,27-PSI_F505_C2_R3,Formate (pseudo),Biomass (pseudo),3,0.000819552,0.000447852,0.9188715,0.000108906,0.059849977,4.9050146626095976e-05,,,,,,,,
325,27-PSI_F505_C2_R3,Glucose (pseudo),Biomass (pseudo),3,,,,,0.059849977,,,,,,,,,
326,27-PSI_F505_C2_R3,Lactate (pseudo),Biomass (pseudo),3,,,,,0.059849977,,,,,,,,,
327,27-PSI_F505_C2_R3,Maltose (pseudo),Biomass (pseudo),3,,,,,0.059849977,,,,,,,,,
328,27-PSI_F505_C2_R3,Propionate (pseudo),Biomass (pseudo),3,0.000132406,4.457640736536773e-05,0.4084413119005741,0.000112675,0.059849977,7.924521620089322e-06,,,,,,,,
329,27-PSI_F505_C2_R3,Succinate (pseudo),Biomass (pseudo),3,9.115115855837992e-05,1.931867408060779e-05,0.7087881549849431,2.921315679827169e-05,0.059849977,5.455394779942318e-06,,,,,,,,
330,27-PSI_F505_C2_R3,norbaeocystin (pseudo),Biomass (pseudo),3,7.43768130233711e-07,7.14184628742312e-08,0.9629342952386388,1.459235441439845e-07,0.059849977,4.4514505787281823e-08,,,,,,,,
331,27-PSI_F505_C2_R3,psilocin (pseudo),Biomass (pseudo),3,0.000132529,1.596002539736006e-05,0.3956747113868594,6.190513215063992e-05,0.059849977,7.931830571849198e-06,,,,,,,,
332,27-PSI_F505_C2_R3,psilocybin (pseudo),Biomass (pseudo),3,2.621138110553065e-05,2.268409633691422e-06,0.01545074,7.908333407703242e-05,0.059849977,1.5687505668576568e-06,,,,,,,,
333,27-PSI_F505_C2_R3,serotonin (pseudo),Biomass (pseudo),3,3.1106471959709444e-09,4.342654844837708e-10,0.1509480188528219,7.3774145536511e-09,0.059849977,1.8617216438640646e-10,,,,,,,,
334,27-PSI_F505_C2_R3,tryptamine (pseudo),Biomass (pseudo),3,4.057730545733042e-06,6.230194197043618e-07,0.3163115198159437,2.254788499136117e-06,0.059849977,2.4285508146807235e-07,,,,,,,,
335,27-PSI_F505_C2_R3,tryptophan (pseudo),Biomass (pseudo),3,5.977719095482962e-07,7.20066054984237e-08,0.9570703441004292,1.2660249859610972e-07,0.059849977,3.577663527839078e-08,,,,,,,,
336,27-PSI_F506_C1_R1,4-hydroxytryptamine (pseudo),Biomass (pseudo),3,5.081131752182039e-08,7.093572504606897e-09,0.9001563535768885,1.6922389908123874e-08,0.050899985,2.586295314061305e-09,,,,,,,,
337,27-PSI_F506_C1_R1,Acetate (pseudo),Biomass (pseudo),3,,,,,0.050899985,,,,,,,,,
338,27-PSI_F506_C1_R1,Baeocystine (pseudo),Biomass (pseudo),3,0.000113433,1.0326377334028526e-05,0.9916142341850988,3.688021160536139e-06,0.050899985,5.773724612621279e-06,,,,,,,,
339,27-PSI_F506_C1_R1,Ethanol (pseudo),Biomass (pseudo),3,,,,,0.050899985,,,,,,,,,
340,27-PSI_F506_C1_R1,Formate (pseudo),Biomass (pseudo),3,0.000331816,0.000181324,0.8991541631552054,4.969627562234528e-05,0.050899985,1.6889414499057992e-05,,,,,,,,
341,27-PSI_F506_C1_R1,Glucose (pseudo),Biomass (pseudo),3,,,,,0.050899985,,,,,,,,,
342,27-PSI_F506_C1_R1,Lactate (pseudo),Biomass (pseudo),3,,,,,0.050899985,,,,,,,,,
343,27-PSI_F506_C1_R1,Maltose (pseudo),Biomass (pseudo),3,,,,,0.050899985,,,,,,,,,
344,27-PSI_F506_C1_R1,Propionate (pseudo),Biomass (pseudo),3,0.000340548,0.00011465,1,0,0.050899985,1.7333863441406754e-05,,,,,,,,
345,27-PSI_F506_C1_R1,Succinate (pseudo),Biomass (pseudo),3,3.9061554758581e-05,8.278747713113577e-06,0.7893385827790419,9.024545901828408e-06,0.050899985,1.9882325623358054e-06,,,,,,,,
346,27-PSI_F506_C1_R1,norbaeocystin (pseudo),Biomass (pseudo),3,1.0840182678995344e-06,1.0409012604055018e-07,0.9830114558084656,1.4250673618564068e-07,0.050899985,5.5176513882393355e-08,,,,,,,,
347,27-PSI_F506_C1_R1,psilocin (pseudo),Biomass (pseudo),3,0.000732032,8.815643106314633e-05,0.9189997765091066,7.683697734555691e-05,0.050899985,3.726040032031426e-05,,,,,,,,
348,27-PSI_F506_C1_R1,psilocybin (pseudo),Biomass (pseudo),3,0.003183493,0.000275509,0.9920473958605768,0.000100774,0.050899985,0.00016204,,,,,,,,
349,27-PSI_F506_C1_R1,serotonin (pseudo),Biomass (pseudo),3,6.059147910904293e-09,8.458943227299565e-10,0.7876066708890611,3.146496821955635e-09,0.050899985,3.0841053949145256e-10,,,,,,,,
350,27-PSI_F506_C1_R1,tryptamine (pseudo),Biomass (pseudo),3,7.002612824123841e-06,1.0751733583413217e-06,0.1285603732316122,6.445850243172828e-06,0.050899985,3.5643288968918377e-07,,,,,,,,
351,27-PSI_F506_C1_R1,tryptophan (pseudo),Biomass (pseudo),3,8.423499540233515e-08,1.0146806810779773e-08,0.9169993311353564,2.5342464285955685e-08,0.050899985,4.287560026277193e-09,,,,,,,,
352,27-PSI_F506_C1_R2,4-hydroxytryptamine (pseudo),Biomass (pseudo),3,7.304262294750509e-08,1.0197199503482352e-08,0.7992063675098319,3.6611865714950736e-08,0.054097147,3.9513975279671695e-09,,,,,,,,
353,27-PSI_F506_C1_R2,Acetate (pseudo),Biomass (pseudo),3,,,,,0.054097147,,,,,,,,,
354,27-PSI_F506_C1_R2,Baeocystine (pseudo),Biomass (pseudo),3,0.000251547,2.289964061326532e-05,0.8662898889229957,3.735257677192297e-05,0.054097147,1.3607973302475042e-05,,,,,,,,
355,27-PSI_F506_C1_R2,Ethanol (pseudo),Biomass (pseudo),3,,,,,0.054097147,,,,,,,,,
356,27-PSI_F506_C1_R2,Formate (pseudo),Biomass (pseudo),3,0.000520727,0.000284557,0.9698406803563754,3.4707387135045373e-05,0.054097147,2.816986281124281e-05,,,,,,,,
357,27-PSI_F506_C1_R2,Glucose (pseudo),Biomass (pseudo),3,,,,,0.054097147,,,,,,,,,
358,27-PSI_F506_C1_R2,Lactate (pseudo),Biomass (pseudo),3,,,,,0.054097147,,,,,,,,,
359,27-PSI_F506_C1_R2,Maltose (pseudo),Biomass (pseudo),3,,,,,0.054097147,,,,,,,,,
360,27-PSI_F506_C1_R2,Propionate (pseudo),Biomass (pseudo),3,,,,,0.054097147,,,,,,,,,
361,27-PSI_F506_C1_R2,Succinate (pseudo),Biomass (pseudo),3,6.905984889281777e-05,1.4636618271416537e-05,0.4556248053841471,3.0817363589386205e-05,0.054097147,3.7359408135299887e-06,,,,,,,,
362,27-PSI_F506_C1_R2,norbaeocystin (pseudo),Biomass (pseudo),3,2.119604793546176e-06,2.0352971591879437e-07,0.9923018970395922,1.8669162671635925e-07,0.054097147,1.1466457259489473e-07,,,,,,,,
363,27-PSI_F506_C1_R2,psilocin (pseudo),Biomass (pseudo),3,0.000853773,0.000102817,0.8457941930186189,0.000148828,0.054097147,4.61866986970097e-05,,,,,,,,
364,27-PSI_F506_C1_R2,psilocybin (pseudo),Biomass (pseudo),3,0.006060379,0.000524483,0.8662355817105837,0.000900126,0.054097147,0.000327849,,,,,,,,
365,27-PSI_F506_C1_R2,serotonin (pseudo),Biomass (pseudo),3,1.0125207842508646e-08,1.4135413025691658e-09,0.7443625555093271,5.933677268672028e-09,0.054097147,5.477448594335977e-10,,,,,,,,
366,27-PSI_F506_C1_R2,tryptamine (pseudo),Biomass (pseudo),3,1.6126327439496505e-05,2.4760183186344656e-06,0.2546504214552646,1.042783760576694e-05,0.054097147,8.723883098422077e-07,,,,,,,,
367,27-PSI_F506_C1_R2,tryptophan (pseudo),Biomass (pseudo),3,7.896000346321606e-08,9.511390094971672e-09,0.9795513407153684,1.1408432480199838e-08,0.054097147,4.271510932966682e-09,,,,,,,,
368,27-PSI_F506_C1_R3,4-hydroxytryptamine (pseudo),Biomass (pseudo),3,5.4663874500746025e-08,7.631413158835211e-09,0.6795313647851902,3.7539494702843615e-08,0.050484264,2.7596654775711293e-09,,,,,,,,
369,27-PSI_F506_C1_R3,Acetate (pseudo),Biomass (pseudo),3,,,,,0.050484264,,,,,,,,,
370,27-PSI_F506_C1_R3,Baeocystine (pseudo),Biomass (pseudo),3,0.000220829,2.0103240931755e-05,0.9331724388677004,2.2335944930237845e-05,0.050484264,1.1148399575517944e-05,,,,,,,,
371,27-PSI_F506_C1_R3,Ethanol (pseudo),Biomass (pseudo),3,,,,,0.050484264,,,,,,,,,
372,27-PSI_F506_C1_R3,Formate (pseudo),Biomass (pseudo),3,0.000493817,0.000269851,0.9632333391161882,4.823887108110019e-05,0.050484264,2.492997365536236e-05,,,,,,,,
373,27-PSI_F506_C1_R3,Glucose (pseudo),Biomass (pseudo),3,,,,,0.050484264,,,,,,,,,
374,27-PSI_F506_C1_R3,Lactate (pseudo),Biomass (pseudo),3,,,,,0.050484264,,,,,,,,,
375,27-PSI_F506_C1_R3,Maltose (pseudo),Biomass (pseudo),3,,,,,0.050484264,,,,,,,,,
376,27-PSI_F506_C1_R3,Propionate (pseudo),Biomass (pseudo),3,9.082479793144036e-07,3.057739194078874e-07,1,0,0.050484264,4.585223086507507e-08,,,,,,,,
377,27-PSI_F506_C1_R3,Succinate (pseudo),Biomass (pseudo),3,5.8233555409621096e-05,1.234208204597811e-05,0.9616995364285328,4.7443857540031735e-06,0.050484264,2.939878191363176e-06,,,,,,,,
378,27-PSI_F506_C1_R3,norbaeocystin (pseudo),Biomass (pseudo),3,1.706644978827986e-06,1.6387628900100886e-07,0.9951100340527628,1.1963563305730624e-07,0.050484264,8.61587158531441e-08,,,,,,,,
379,27-PSI_F506_C1_R3,psilocin (pseudo),Biomass (pseudo),3,0.00079747,9.60369719953279e-05,0.9873786733926396,3.40781436940569e-05,0.050484264,4.025968277604617e-05,,,,,,,,
380,27-PSI_F506_C1_R3,psilocybin (pseudo),Biomass (pseudo),3,0.006134805,0.000530924,0.9355247476636972,0.000608724,0.050484264,0.000309711,,,,,,,,
381,27-PSI_F506_C1_R3,serotonin (pseudo),Biomass (pseudo),3,7.109493609878706e-09,9.925290437717279e-10,0.4054760436826587,8.608762916919915e-09,0.050484264,3.5891755308941834e-10,,,,,,,,
382,27-PSI_F506_C1_R3,tryptamine (pseudo),Biomass (pseudo),3,1.9185472417996022e-05,2.945716024732881e-06,0.5727628382745219,6.262829260501887e-06,0.050484264,9.685644566250817e-07,,,,,,,,
383,27-PSI_F506_C1_R3,tryptophan (pseudo),Biomass (pseudo),3,2.203453144193972e-07,2.6542428433636133e-08,0.8634718047494427,8.76175114505716e-08,0.050484264,1.1123971048548118e-08,,,,,,,,
384,27-PSI_F506_C1_R4,4-hydroxytryptamine (pseudo),Biomass (pseudo),3,4.136746091873612e-08,5.775152026564374e-09,0.8749951877164311,1.5635774527990996e-08,0.051337178,2.1236887095053513e-09,,,,,,,,
385,27-PSI_F506_C1_R4,Acetate (pseudo),Biomass (pseudo),3,,,,,0.051337178,,,,,,,,,
386,27-PSI_F506_C1_R4,Baeocystine (pseudo),Biomass (pseudo),3,0.000195528,1.779998224158705e-05,0.942143369,1.831382422201414e-05,0.051337178,1.0037879556174288e-05,,,,,,,,
387,27-PSI_F506_C1_R4,Ethanol (pseudo),Biomass (pseudo),3,,,,,0.051337178,,,,,,,,,
388,27-PSI_F506_C1_R4,Formate (pseudo),Biomass (pseudo),3,0.000511812,0.000279685,0.9884148353146254,2.478034584854631e-05,0.051337178,2.6275009401654773e-05,,,,,,,,
389,27-PSI_F506_C1_R4,Glucose (pseudo),Biomass (pseudo),3,,,,,0.051337178,,,,,,,,,
390,27-PSI_F506_C1_R4,Lactate (pseudo),Biomass (pseudo),3,,,,,0.051337178,,,,,,,,,
391,27-PSI_F506_C1_R4,Maltose (pseudo),Biomass (pseudo),3,,,,,0.051337178,,,,,,,,,
392,27-PSI_F506_C1_R4,Propionate (pseudo),Biomass (pseudo),3,,,,,0.051337178,,,,,,,,,
393,27-PSI_F506_C1_R4,Succinate (pseudo),Biomass (pseudo),3,6.678395290945042e-05,1.4154262441392955e-05,0.9434142353787576,7.314581795541239e-06,0.051337178,3.42849968598629e-06,,,,,,,,
394,27-PSI_F506_C1_R4,norbaeocystin (pseudo),Biomass (pseudo),3,1.188738963976776e-06,1.1414566733217025e-07,0.9339740786936336,3.160649383777676e-07,0.051337178,6.102650393036736e-08,,,,,,,,
395,27-PSI_F506_C1_R4,psilocin (pseudo),Biomass (pseudo),3,0.000724482,8.724723695260494e-05,0.9843198922524669,3.456088957905716e-05,0.051337178,3.71928565403134e-05,,,,,,,,
396,27-PSI_F506_C1_R4,psilocybin (pseudo),Biomass (pseudo),3,0.005295281,0.000458269,0.933114534,0.000535844,0.051337178,0.000271845,,,,,,,,
397,27-PSI_F506_C1_R4,serotonin (pseudo),Biomass (pseudo),3,5.144558716400188e-09,7.182120448524182e-10,0.9987622892179449,1.8110341819269826e-10,0.051337178,2.641071271661752e-10,,,,,,,,
398,27-PSI_F506_C1_R4,tryptamine (pseudo),Biomass (pseudo),3,2.504000297502756e-05,3.844614113005105e-06,0.6454568933398461,7.01433102252254e-06,0.051337178,1.2854830928228778e-06,,,,,,,,
399,27-PSI_F506_C1_R4,tryptophan (pseudo),Biomass (pseudo),3,6.736979496845145e-08,8.115252944001103e-09,0.828151789,3.068900171879173e-08,0.051337178,3.4585751641186764e-09,,,,,,,,
400,27-PSI_F506_C2_R1,4-hydroxytryptamine (pseudo),Biomass (pseudo),3,5.1489541906491585e-08,7.1882568009743645e-09,0.7102872072995445,3.2884093006623875e-08,0.051267336,2.6397316637655543e-09,,,,,,,,
401,27-PSI_F506_C2_R1,Acetate (pseudo),Biomass (pseudo),3,,,,,0.051267336,,,,,,,,,
402,27-PSI_F506_C2_R1,Baeocystine (pseudo),Biomass (pseudo),3,2.228439256472952e-05,2.0286652126648025e-06,0.673760693,5.860937469835129e-06,0.051267336,1.1424614491177252e-06,,,,,,,,
403,27-PSI_F506_C2_R1,Ethanol (pseudo),Biomass (pseudo),3,,,,,0.051267336,,,,,,,,,
404,27-PSI_F506_C2_R1,Formate (pseudo),Biomass (pseudo),3,0.00058168,0.000317865,0.9765036302160226,4.0351756773810285e-05,0.051267336,2.982117490775191e-05,,,,,,,,
405,27-PSI_F506_C2_R1,Glucose (pseudo),Biomass (pseudo),3,,,,,0.051267336,,,,,,,,,
406,27-PSI_F506_C2_R1,Lactate (pseudo),Biomass (pseudo),3,,,,,0.051267336,,,,,,,,,
407,27-PSI_F506_C2_R1,Maltose (pseudo),Biomass (pseudo),3,,,,,0.051267336,,,,,,,,,
408,27-PSI_F506_C2_R1,Propionate (pseudo),Biomass (pseudo),3,,,,,0.051267336,,,,,,,,,
409,27-PSI_F506_C2_R1,Succinate (pseudo),Biomass (pseudo),3,9.307073943534192e-05,1.9725512105707e-05,0.926480929,9.909366863521772e-06,0.051267336,4.771488903585896e-06,,,,,,,,
410,27-PSI_F506_C2_R1,norbaeocystin (pseudo),Biomass (pseudo),3,1.3110418524676095e-09,1.2588949440143328e-10,0.071763339,4.7151400260411374e-09,0.051267336,6.721362362799105e-11,,,,,,,,
411,27-PSI_F506_C2_R1,psilocin (pseudo),Biomass (pseudo),3,0.000200954,2.4200288824105425e-05,0.6756140582651305,5.262947799445503e-05,0.051267336,1.0302370472736712e-05,,,,,,,,
412,27-PSI_F506_C2_R1,psilocybin (pseudo),Biomass (pseudo),3,0.000874772,7.570536007823412e-05,0.6798555562988565,0.000226888,0.051267336,4.484724872584546e-05,,,,,,,,
413,27-PSI_F506_C2_R1,serotonin (pseudo),Biomass (pseudo),3,3.053197119445794e-09,4.2624510038230824e-10,0.1529512243881401,7.1850959904737955e-09,0.051267336,1.5652928368552302e-10,,,,,,,,
414,27-PSI_F506_C2_R1,tryptamine (pseudo),Biomass (pseudo),3,1.6128176818052823e-05,2.47630227015416e-06,0.5693463847622143,5.301661812847315e-06,0.051267336,8.268486657492688e-07,,,,,,,,
415,27-PSI_F506_C2_R1,tryptophan (pseudo),Biomass (pseudo),3,1.2571263422054541e-07,1.5143133884171082e-08,0.8380101059759412,5.5271119280769056e-08,0.051267336,6.444951902854529e-09,,,,,,,,
416,27-PSI_F506_C2_R2,4-hydroxytryptamine (pseudo),Biomass (pseudo),3,2.983204695090776e-08,4.1647372736639865e-09,0.7430788633363566,1.7541451102704935e-08,0.053216301,1.587551194859771e-09,,,,,,,,
417,27-PSI_F506_C2_R2,Acetate (pseudo),Biomass (pseudo),3,,,,,0.053216301,,,,,,,,,
418,27-PSI_F506_C2_R2,Baeocystine (pseudo),Biomass (pseudo),3,3.825879215497067e-06,3.482898647468881e-07,0.833767196,6.456812855798364e-07,0.053216301,2.035991405466299e-07,,,,,,,,
419,27-PSI_F506_C2_R2,Ethanol (pseudo),Biomass (pseudo),3,,,,,0.053216301,,,,,,,,,
420,27-PSI_F506_C2_R2,Formate (pseudo),Biomass (pseudo),3,0.000433769,0.000237037,0.9305908785148952,6.839534999031474e-05,0.053216301,2.308357186757813e-05,,,,,,,,
421,27-PSI_F506_C2_R2,Glucose (pseudo),Biomass (pseudo),3,,,,,0.053216301,,,,,,,,,
422,27-PSI_F506_C2_R2,Lactate (pseudo),Biomass (pseudo),3,,,,,0.053216301,,,,,,,,,
423,27-PSI_F506_C2_R2,Maltose (pseudo),Biomass (pseudo),3,,,,,0.053216301,,,,,,,,,
424,27-PSI_F506_C2_R2,Propionate (pseudo),Biomass (pseudo),3,,,,,0.053216301,,,,,,,,,
425,27-PSI_F506_C2_R2,Succinate (pseudo),Biomass (pseudo),3,0.00191923,0.000406764,0.7684556284757841,0.00052675,0.053216301,0.000102134,,,,,,,,
426,27-PSI_F506_C2_R2,norbaeocystin (pseudo),Biomass (pseudo),3,8.664988039117622e-09,8.32033669394955e-10,0.1802920121982344,1.8476057631083642e-08,0.053216301,4.6111861306681867e-10,,,,,,,,
427,27-PSI_F506_C2_R2,psilocin (pseudo),Biomass (pseudo),3,1.864935178271744e-05,2.2458868957466197e-06,0.8839809256338316,2.5536300026319863e-06,0.053216301,9.924495209710162e-07,,,,,,,,
428,27-PSI_F506_C2_R2,psilocybin (pseudo),Biomass (pseudo),3,0.000319107,2.761645788834742e-05,0.9012604562307148,3.992158509445616e-05,0.053216301,1.6981696784607076e-05,,,,,,,,
429,27-PSI_F506_C2_R2,serotonin (pseudo),Biomass (pseudo),3,1.4364299749907492e-09,2.0053446106788735e-10,0.076866243,4.977931865266239e-09,0.053216301,7.644149014922238e-11,,,,,,,,
430,27-PSI_F506_C2_R2,tryptamine (pseudo),Biomass (pseudo),3,1.7383496545561553e-07,2.669042660222284e-08,0.005590069,8.763190892061987e-07,0.053216301,9.250853874412797e-09,,,,,,,,
431,27-PSI_F506_C2_R2,tryptophan (pseudo),Biomass (pseudo),3,4.074545702524417e-08,4.908129677901315e-09,0.9046223749135244,1.32302723049175e-08,0.053216301,2.1683225120951844e-09,,,,,,,,
432,27-PSI_F506_C2_R3,4-hydroxytryptamine (pseudo),Biomass (pseudo),3,4.008750581521122e-08,5.596462420147529e-09,0.7724385407894527,2.175837330185028e-08,0.055773312,2.235812964193545e-09,,,,,,,,
433,27-PSI_F506_C2_R3,Acetate (pseudo),Biomass (pseudo),3,0.00037917,0.000157988,0.9539023908054196,8.335307022517005e-05,0.055773312,2.1147586164280016e-05,,,,,,,,
434,27-PSI_F506_C2_R3,Baeocystine (pseudo),Biomass (pseudo),3,3.3375317594885846e-06,3.038330327816419e-07,0.1169952357761556,3.465563189529232e-06,0.055773312,1.8614519972057666e-07,,,,,,,,
435,27-PSI_F506_C2_R3,Ethanol (pseudo),Biomass (pseudo),3,0.000732495,0.00039113,0.932645381,0.000139192,0.055773312,4.0853664549532045e-05,,,,,,,,
436,27-PSI_F506_C2_R3,Formate (pseudo),Biomass (pseudo),3,0.000775713,0.000423896,0.6060485611779901,0.000312708,0.055773312,4.326406607118651e-05,,,,,,,,
437,27-PSI_F506_C2_R3,Glucose (pseudo),Biomass (pseudo),3,15.934162928008517,2.175734946875053,0.1720475933833898,34.95486578685471,0.055773312,0.8887010384790612,,,,,,,,
438,27-PSI_F506_C2_R3,Lactate (pseudo),Biomass (pseudo),3,,,,,0.055773312,,,,,,,,,
439,27-PSI_F506_C2_R3,Maltose (pseudo),Biomass (pseudo),3,,,,,0.055773312,,,,,,,,,
440,27-PSI_F506_C2_R3,Propionate (pseudo),Biomass (pseudo),3,,,,,0.055773312,,,,,,,,,
441,27-PSI_F506_C2_R3,Succinate (pseudo),Biomass (pseudo),3,0.000374822,7.944013738744559e-05,0.1941884865003123,0.00028859,0.055773312,2.0905054207402043e-05,,,,,,,,
442,27-PSI_F506_C2_R3,norbaeocystin (pseudo),Biomass (pseudo),3,1.943655780131193e-07,1.866346547141861e-08,0.6273586808266589,1.4979830616570254e-07,0.055773312,1.0840412000634074e-08,,,,,,,,
443,27-PSI_F506_C2_R3,psilocin (pseudo),Biomass (pseudo),3,5.4969335390414085e-06,6.619796304965348e-07,0.01846289,1.5148686791359677e-05,0.055773312,3.065821886388252e-07,,,,,,,,
444,27-PSI_F506_C2_R3,psilocybin (pseudo),Biomass (pseudo),3,0.000355163,3.073682459041205e-05,0.749162887,7.76758779036338e-05,0.055773312,1.9808603306750234e-05,,,,,,,,
445,27-PSI_F506_C2_R3,serotonin (pseudo),Biomass (pseudo),3,8.19132256797639e-10,1.1435590214642709e-10,0.009290641,8.458713730517667e-09,0.055773312,4.5685718826695926e-11,,,,,,,,
446,27-PSI_F506_C2_R3,tryptamine (pseudo),Biomass (pseudo),3,0.000113827,1.7476935679969496e-05,0.5268878082033231,4.076813864956817e-05,0.055773312,6.348532428504806e-06,,,,,,,,
447,27-PSI_F506_C2_R3,tryptophan (pseudo),Biomass (pseudo),3,9.148044940427177e-09,1.1019582094530827e-09,0.001087434,2.7726214093332376e-07,0.055773312,5.102167635251387e-10,,,,,,,,
448,27-PSI_F506_C2_R4,4-hydroxytryptamine (pseudo),Biomass (pseudo),3,3.383301787096426e-08,4.723297427079739e-09,0.9710027223166908,5.846677353355625e-09,0.051921527,1.756661941412821e-09,,,,,,,,
449,27-PSI_F506_C2_R4,Acetate (pseudo),Biomass (pseudo),3,,,,,0.051921527,,,,,,,,,
450,27-PSI_F506_C2_R4,Baeocystine (pseudo),Biomass (pseudo),3,5.152811053057248e-06,4.690874341944983e-07,0.9252919165579744,5.534005816188398e-07,0.051921527,2.6754181677553696e-07,,,,,,,,
451,27-PSI_F506_C2_R4,Ethanol (pseudo),Biomass (pseudo),3,,,,,0.051921527,,,,,,,,,
452,27-PSI_F506_C2_R4,Formate (pseudo),Biomass (pseudo),3,0.000492084,0.000268904,0.9521202899560764,4.9349644219546325e-05,0.051921527,2.554974891697226e-05,,,,,,,,
453,27-PSI_F506_C2_R4,Glucose (pseudo),Biomass (pseudo),3,,,,,0.051921527,,,,,,,,,
454,27-PSI_F506_C2_R4,Lactate (pseudo),Biomass (pseudo),3,,,,,0.051921527,,,,,,,,,
455,27-PSI_F506_C2_R4,Maltose (pseudo),Biomass (pseudo),3,,,,,0.051921527,,,,,,,,,
456,27-PSI_F506_C2_R4,Propionate (pseudo),Biomass (pseudo),3,0.000312552,0.000105225,1,0,0.051921527,1.6228155167330707e-05,,,,,,,,
457,27-PSI_F506_C2_R4,Succinate (pseudo),Biomass (pseudo),3,8.5190397000807e-05,1.805534389781901e-05,0.9759105910443724,5.058825264087292e-06,0.051921527,4.423215474183221e-06,,,,,,,,
458,27-PSI_F506_C2_R4,norbaeocystin (pseudo),Biomass (pseudo),3,3.0552257564058675e-08,2.933703642124373e-09,0.8717066070554116,1.172088171736277e-08,0.051921527,1.5863198574751976e-09,,,,,,,,
459,27-PSI_F506_C2_R4,psilocin (pseudo),Biomass (pseudo),3,2.1390210573878684e-05,2.5759605044103517e-06,0.9749535871036644,1.2958264401636353e-06,0.051921527,1.1106123898626918e-06,,,,,,,,
460,27-PSI_F506_C2_R4,psilocybin (pseudo),Biomass (pseudo),3,0.000335117,2.9001999504382836e-05,0.95506639,2.7473640818697608e-05,0.051921527,1.7399782392922135e-05,,,,,,,,
461,27-PSI_F506_C2_R4,serotonin (pseudo),Biomass (pseudo),3,3.1866537044765347e-09,4.4487646064424695e-10,0.7494950507319368,1.8422927443532357e-09,0.051921527,1.654559254650541e-10,,,,,,,,
462,27-PSI_F506_C2_R4,tryptamine (pseudo),Biomass (pseudo),3,7.277669882163096e-07,1.1174053120784682e-07,0.1524510087750848,6.485755705194137e-07,0.051921527,3.778677312476434e-08,,,,,,,,
463,27-PSI_F506_C2_R4,tryptophan (pseudo),Biomass (pseudo),3,1.726189223611161e-08,2.079338698503308e-09,0.3017769251032749,2.625684165738091e-08,0.051921527,8.962637989787604e-10,,,,,,,,
